doc_id,domain,title,source_url,source_type,date_accessed,status,notes
VR-01,Vehicle Registration,Vehicle registration,https://www.alberta.ca/vehicle-registration,HTML,01-10-2026,Selected,"Overview and routing page for registration, renewal, transfer, and cancellation."
VR-02,Vehicle Registration,Register a vehicle in Alberta,https://www.alberta.ca/register-vehicle,HTML,01-10-2026,Selected,"Registration eligibility, required documents,代理/authorization, imported vehicles, and registration periods."
VR-03,Vehicle Registration,Transfer a vehicle registration,https://www.alberta.ca/transfer-vehicle-registration,HTML,01-10-2026,Selected,"Transfer rules, 14-day condition, required identification, ownership, and insurance evidence."
VR-04,Vehicle Registration,Renew your vehicle registration,https://www.alberta.ca/vehicle-registration-renewal,HTML,01-10-2026,Selected,"Online, mail, and in-person renewal pathways with conditional requirements."
VR-05,Vehicle Registration,Cancel a vehicle registration,https://www.alberta.ca/cancel-vehicle-registration,HTML,01-10-2026,Selected,"Cancellation procedure, mail option, refund conditions, and required documentation."
VR-06,Vehicle Registration,Update driving documents,https://www.alberta.ca/update-driving-documents,HTML,01-10-2026,Selected,"Name/address changes, supporting documents, deadlines, and related vehicle-registration updates."
VR-07,Vehicle Registration,Licence plates,https://www.alberta.ca/licence-plates,HTML,01-10-2026,Selected,"Licence-plate replacement, return, and related registry procedures."
MVI-01,Motor Vehicle Information,Motor vehicle information,https://www.alberta.ca/motor-vehicle-information,HTML,01-10-2026,Selected,Distinguishes public/general vehicle information from protected personal motor-vehicle information.
MVI-02,Motor Vehicle Information,Vehicle information report,https://www.alberta.ca/vehicle-information-report,HTML,01-10-2026,Selected,"Public Vehicle Information Report contents, limitations, and request procedure."
MVI-03,Motor Vehicle Information,Requesting protected motor vehicle data,https://www.alberta.ca/requesting-protected-motor-vehicle-data,HTML,01-10-2026,Selected,Eligibility and authorization pathways for protected motor-vehicle information under AMVIR.
MVI-04,Motor Vehicle Information,Protection of personal driving and motor vehicle information,https://www.alberta.ca/protection-of-personal-driving-and-motor-vehicle-information,HTML,01-10-2026,Selected,"Privacy controls, release governance, Registrar notifications, and AMVIR-related safeguards."
MVI-05,Motor Vehicle Information,Motor Vehicle Information – Registrar’s decisions and notifications,https://www.alberta.ca/registrars-decisions-and-notifications,HTML,01-10-2026,Selected,Complex decision notices concerning release of personal driving and motor-vehicle information.
MVI-06,Motor Vehicle Information,Release of motor vehicle information to serve court documents,https://www.alberta.ca/release-of-motor-vehicle-information-to-serve-court-documents,HTML,01-10-2026,Selected,Specialized eligibility and procedural rules for obtaining protected information to serve court documents.
LT-01,Land Titles,Land titles – Overview,https://www.alberta.ca/land-titles-overview,HTML,01-10-2026,Selected,"Land-title system overview, ownership types, document requirements, and common forms."
LT-02,Land Titles,Land Titles procedures manual,https://www.alberta.ca/land-titles-procedures-manual,HTML,01-10-2026,Selected,Authoritative procedural index with many closely related Land Titles procedures; useful for harder retrieval.
LT-03,Land Titles,Change land title ownership,https://www.alberta.ca/change-land-title-ownership,HTML,01-10-2026,Selected,"Conditional procedures for adding/removing names, deaths, transmission, and name changes."
LT-04,Land Titles,Register a land title document or plan,https://www.alberta.ca/register-land-title-document-plan,HTML,01-10-2026,Selected,"Common registrable documents and plans, including transfers, mortgages, and caveats."
LT-05,Land Titles,Transfer of Land,https://landregistry.alberta.ca/assets/customer-service/transfer-of-land-checklist.pdf,PDF,01-10-2026,Selected,Detailed public guide for transfer-of-land requirements and completion.
LT-06,Land Titles,Caveats,https://www.alberta.ca/system/files/custom_downloaded_images/sartr-land-titles-info-caveats.pdf,PDF,01-10-2026,Selected,Detailed caveat filing requirements; intentionally related to LT-07 to create retrieval ambiguity.
LT-07,Land Titles,Lapsing a Caveat,https://www.alberta.ca/system/files/custom_downloaded_images/sartr-land-titles-info-lapsing-a-caveat.pdf,PDF,01-10-2026,Selected,Rules and evidence requirements for lapsing caveats; closely related but distinct from general caveat filing.
